9797 Beechwood Ave.,"Austin, MN 55912"
456 Halifax Ave.,"Hackensack, NJ 07601"
8331 Rockledge Lane,"Mobile, AL 36605"
93 E. Bow Ridge St.,"Lynn, MA 01902"
47 3rd Street,"Glendale Heights, IL 60139"
24 Birchpond Court,"Nanuet, NY 10954"
960 Summit Street,"Bowie, MD 20715"
52 Golf Drive,"Eau Claire, WI 54701"
18 Victoria St.,"Thibodaux, LA 70301"
7244 Manchester St.,"Jamaica Plain, MA 02130"
735 Valley Farms Street,"Amityville, NY 11701"
916 Glen Eagles Dr.,"Helena, MT 59601"
7216 Cherry Hill St.,"Ontario, CA 91762"
242 South El Dorado Lane,"Medford, MA 02155"
8899 Lexington St.,"Elk Grove Village, IL 60007"
9623 St Margarets Court,"Warner Robins, GA 31088"
147 Lakeview Lane,"Naples, FL 34116"
2 Spring St.,"Kissimmee, FL 34741"
285 Creekside Street,"Clementon, NJ 08021"
362 South Yukon Street,"Bloomington, IN 47401"
778 Sussex Court,"Lexington, NC 27292"
8239 Theatre Avenue,"Caldwell, NJ 07006"
699 Indian Spring Drive,"La Crosse, WI 54601"
41 East Bear Hill Dr.,"Reynoldsburg, OH 43068"
1 North Pine Court,"Sarasota, FL 34231"
612 Columbia St.,"El Dorado, AR 71730"
5 W. Armstrong St.,"Powell, TN 37849"
7011 Smith Store St.,"Irmo, SC 29063"
15 Cherry Hill St.,"Mount Juliet, TN 37122"
17 Bedford Dr.,"Beaver Falls, PA 15010"
488 Elizabeth Circle,"Hoboken, NJ 07030"
225 South Dr.,"Woodstock, GA 30188"
450 Old Military St.,"El Paso, TX 79930"
7636 Saxon Dr.,"Madison, AL 35758"
35 Brewery Street,"Bethpage, NY 11714"
71 Big Rock Cove Lane,"Selden, NY 11784"
482 Vine St.,"Easton, PA 18042"
7064 Surrey Road,"Menasha, WI 54952"
98 Morris Drive,"Dekalb, IL 60115"
8322 Elizabeth Dr.,"Flowery Branch, GA 30542"
9133 Oakland St.,"Ann Arbor, MI 48103"
419 Henry Smith Drive,"Vernon Rockville, CT 06066"
524 Golf Ave.,"Middle River, MD 21220"
5 North Harvey St.,"Zeeland, MI 49464"
317 E. Fremont Street,"Kokomo, IN 46901"
575 East New St.,"Davison, MI 48423"
8651 Roberts Rd.,"Loveland, OH 45140"
674 Sycamore Ave.,"South Windsor, CT 06074"
859 Myers Lane,"Fair Lawn, NJ 07410"
965 Grand Lane,"Tuckerton, NJ 08087"
